Region,Total Confirmed,Total Recovered,Total Deceased,Total Tested,Active,Daily Confirmed,Daily Recovered,Daily Deceased,Daily Tested,TRR,TPR,CFR,Month,Weekday
India,102,3,1,6500,95,11,0,0,0.0,2.94,1.57,0.98,3,5
India,112,3,1,6500,105,10,0,0,0.0,2.68,1.72,0.89,3,6
India,126,3,1,6500,119,14,0,0,0.0,2.38,1.94,0.79,3,0
India,146,3,1,6500,139,20,0,0,0.0,2.05,2.25,0.68,3,1
India,171,3,1,13125,164,25,0,0,6625.0,1.75,1.3,0.58,3,2
India,198,3,1,14175,191,27,0,0,1050.0,1.52,1.4,0.51,3,3
India,256,4,1,15404,248,58,1,0,1229.0,1.56,1.66,0.39,3,4
India,334,4,1,16911,326,78,0,0,1507.0,1.2,1.98,0.3,3,5
India,403,4,1,18127,395,69,0,0,1216.0,0.99,2.22,0.25,3,6
India,497,4,1,20707,489,94,0,0,2580.0,0.8,2.4,0.2,3,0
India,571,6,1,22694,561,74,2,0,1987.0,1.05,2.52,0.18,3,1
India,657,6,1,25144,647,86,0,0,2450.0,0.91,2.61,0.15,3,2
India,730,6,2,27688,719,73,0,1,2544.0,0.82,2.64,0.27,3,3
India,883,8,3,27688,869,153,2,1,0.0,0.91,3.19,0.34,3,4
India,1019,8,3,27688,1005,136,0,0,0.0,0.79,3.68,0.29,3,5
India,1139,99,28,27688,1009,120,91,25,0.0,8.69,4.11,2.46,3,6
India,1326,141,41,38442,1141,187,42,13,10754.0,10.63,3.45,3.09,3,0
India,1635,160,47,42788,1425,309,19,6,4346.0,9.79,3.82,2.87,3,1
India,2059,169,58,47951,1829,424,9,11,5163.0,8.21,4.29,2.82,4,2
India,2545,191,69,55851,2282,486,22,11,7900.0,7.5,4.56,2.71,4,3
India,3105,230,83,69245,2789,560,39,14,13394.0,7.41,4.48,2.67,4,4
India,3684,286,96,79950,3299,579,56,13,10705.0,7.76,4.61,2.61,4,5
India,4293,329,118,89534,3843,609,43,22,9584.0,7.66,4.79,2.75,4,6
India,4777,394,134,101068,4246,484,65,16,11534.0,8.25,4.73,2.81,4,0
India,5350,469,161,114015,4717,573,75,27,12947.0,8.77,4.69,3.01,4,1
India,5915,565,181,127919,5166,565,96,20,13904.0,9.55,4.62,3.06,4,2
India,6728,635,227,144910,5863,813,70,46,16991.0,9.44,4.64,3.37,4,3
India,7599,786,249,161330,6561,871,151,22,16420.0,10.34,4.71,3.28,4,4
India,8453,972,290,179374,7188,854,186,41,18044.0,11.5,4.71,3.43,4,5
India,9211,1086,332,195748,7790,758,114,42,16374.0,11.79,4.71,3.6,4,6
India,10454,1198,359,217554,8894,1243,112,27,21806.0,11.46,4.81,3.43,4,0
India,11485,1365,396,244893,9721,1031,167,37,27339.0,11.89,4.69,3.45,4,1
India,12371,1509,423,274599,10436,886,144,27,29706.0,12.2,4.51,3.42,4,2
India,13432,1767,449,302956,11213,1061,258,26,28357.0,13.16,4.43,3.34,4,3
India,14354,2040,487,335123,11824,922,273,38,32167.0,14.21,4.28,3.39,4,4
India,15725,2466,522,372123,12734,1371,426,35,37000.0,15.68,4.23,3.32,4,5
India,17305,2854,560,401586,13888,1580,388,38,29463.0,16.49,4.31,3.24,4,6
India,18544,3273,593,401586,14675,1239,419,33,0.0,17.65,4.62,3.2,4,0
India,20081,3976,646,462621,15456,1537,703,53,61035.0,19.8,4.34,3.22,4,1
India,21373,4370,682,500542,16318,1292,394,36,37921.0,20.45,4.27,3.19,4,2
India,23040,5012,722,541789,17303,1667,642,40,41247.0,21.75,4.25,3.13,4,3
India,24448,5496,781,579957,18168,1408,484,59,38168.0,22.48,4.22,3.19,4,4
India,26283,5938,825,625309,19517,1835,442,44,45352.0,22.59,4.2,3.14,4,5
India,27890,6523,881,665819,20483,1607,585,56,40510.0,23.39,4.19,3.16,4,6
India,29458,7103,939,716733,21412,1568,580,58,50914.0,24.11,4.11,3.19,4,0
India,31360,7739,1008,770764,22609,1902,636,69,54031.0,24.68,4.07,3.21,4,1
India,33065,8429,1079,830201,23553,1705,690,71,59437.0,25.49,3.98,3.26,4,2
India,34867,9059,1154,902654,24650,1802,630,75,72453.0,25.98,3.86,3.31,4,3
India,37263,10021,1231,976363,26007,2396,962,77,73709.0,26.89,3.82,3.3,5,4
India,39827,10852,1323,1046450,27648,2564,831,92,70087.0,27.25,3.81,3.32,5,5
India,42779,11763,1463,1107233,29549,2952,911,140,60783.0,27.5,3.86,3.42,5,6
India,46435,12845,1566,1191946,32020,3656,1082,103,84713.0,27.66,3.9,3.37,5,0
India,49406,14140,1694,1276781,33568,2971,1295,128,84835.0,28.62,3.87,3.43,5,1
India,53008,15301,1785,1357413,35918,3602,1161,91,80632.0,28.87,3.91,3.37,5,2
India,56352,16776,1889,1437788,37683,3344,1475,104,80375.0,29.77,3.92,3.35,5,3
India,59691,17887,1986,1523213,39814,3339,1111,97,85425.0,29.97,3.92,3.33,5,4
India,62866,19301,2102,1609037,41459,3175,1414,116,85824.0,30.7,3.91,3.34,5,5
India,67177,20970,2214,1673688,43989,4311,1669,112,64651.0,31.22,4.01,3.3,5,6
India,70769,22549,2295,1759579,45921,3592,1579,81,85891.0,31.86,4.02,3.24,5,0
India,74331,24454,2415,1854250,47458,3562,1905,120,94671.0,32.9,4.01,3.25,5,1
India,78057,26417,2552,1947041,49084,3726,1963,137,92791.0,33.84,4.01,3.27,5,2
India,82048,28011,2649,2039952,51384,3991,1594,97,92911.0,34.14,4.02,3.23,5,3
India,85856,30245,2753,2134277,52854,3808,2234,104,94325.0,35.23,4.02,3.21,5,4
India,90650,34257,2873,2227642,53516,4794,4012,120,93365.0,37.79,4.07,3.17,5,5
India,95699,36795,3025,2302792,55875,5049,2538,152,75150.0,38.45,4.16,3.16,5,6
India,100327,39277,3156,2404267,57890,4628,2482,131,101475.0,39.15,4.17,3.15,5,0
India,106481,42309,3302,2512388,60866,6154,3032,146,108121.0,39.73,4.24,3.1,5,1
India,112201,45422,3436,2615920,63336,5720,3113,134,103532.0,40.48,4.29,3.06,5,2
India,118224,48553,3584,2719434,66080,6023,3131,148,103514.0,41.07,4.35,3.03,5,3
India,124760,51833,3726,2834798,69194,6536,3280,142,115364.0,41.55,4.4,2.99,5,4
India,131425,54409,3868,2943421,73140,6665,2576,142,108623.0,41.4,4.47,2.94,5,5
India,138536,57694,4024,3033591,76809,7111,3285,156,90170.0,41.65,4.57,2.9,5,6
India,144950,60706,4173,3126119,80059,6414,3012,149,92528.0,41.88,4.64,2.88,5,0
India,150857,64291,4346,3242160,82208,5907,3585,173,116041.0,42.62,4.65,2.88,5,1
India,158103,67725,4534,3362136,85832,7246,3434,188,119976.0,42.84,4.7,2.87,5,2
India,165357,70896,4710,3483838,89739,7254,3171,176,121702.0,42.87,4.75,2.85,5,3
India,173495,82631,4978,3611599,85873,8138,11735,268,127761.0,47.63,4.8,2.87,5,4
India,181859,86934,5183,3737027,89729,8364,4303,205,125428.0,47.8,4.87,2.85,5,5
India,190648,91862,5405,3837207,93368,8789,4928,222,100180.0,48.18,4.97,2.84,5,6
India,198372,95744,5606,3966075,97009,7724,3882,201,128868.0,48.26,5.0,2.83,6,0
India,207184,100275,5828,4103233,101068,8812,4531,222,137158.0,48.4,5.05,2.81,6,1
India,216872,104064,6087,4242718,106705,9688,3789,259,139485.0,47.98,5.11,2.81,6,2
India,226719,108454,6361,4386379,111887,9847,4390,274,143661.0,47.84,5.17,2.81,6,3
India,236191,113225,6647,4524317,116303,9472,4771,286,137938.0,47.94,5.22,2.81,6,4
India,246599,118658,6944,4666386,120979,10408,5433,297,142069.0,48.12,5.28,2.82,6,5
India,257481,123849,7205,4774434,126409,10882,5191,261,108048.0,48.1,5.39,2.8,6,6
India,266017,129020,7476,4916116,129501,8536,5171,271,141682.0,48.5,5.41,2.81,6,0
India,275998,134654,7748,5061332,133576,9981,5634,272,145216.0,48.79,5.45,2.81,6,1
India,287154,140929,8106,5213140,138099,11156,6275,358,151808.0,49.08,5.51,2.82,6,2
India,298289,146973,8500,5363445,142789,11135,6044,394,150305.0,49.27,5.56,2.85,6,3
India,309595,154236,8888,5507182,146444,11306,7263,388,143737.0,49.82,5.62,2.87,6,4
India,321634,162327,9197,5658614,150069,12039,8091,309,151432.0,50.47,5.68,2.86,6,5
India,333038,169685,9521,5774133,153789,11404,7358,324,115519.0,50.95,5.77,2.86,6,6
India,343070,180325,9917,5921069,152783,10032,10640,396,146936.0,52.56,5.79,2.89,6,0
India,354155,187551,11921,6084256,154637,11085,7226,2004,163187.0,52.96,5.82,3.37,6,1
India,367263,194441,12262,6249668,160514,13108,6890,341,165412.0,52.94,5.88,3.34,6,2
India,381092,205182,12605,6426627,163258,13829,10741,343,176959.0,53.84,5.93,3.31,6,3
India,395832,214211,12969,6616496,168601,14740,9029,364,189869.0,54.12,5.98,3.28,6,4
India,411750,228185,13277,6807226,170236,15918,13974,308,190730.0,55.42,6.05,3.22,6,5
India,426901,237260,13703,6950493,175886,15151,9075,426,143267.0,55.58,6.14,3.21,6,6
India,440461,248139,14015,7137716,178255,13560,10879,312,187223.0,56.34,6.17,3.18,6,0
India,456117,258601,14483,7352911,182977,15656,10462,468,215195.0,56.7,6.2,3.18,6,1
India,472985,271690,14907,7560782,186332,16868,13089,424,207871.0,57.44,6.26,3.15,6,2
India,491190,285673,15308,7776228,190153,18205,13983,401,215446.0,58.16,6.32,3.12,6,3
India,509445,295919,15689,7996707,197780,18255,10246,381,220479.0,58.09,6.37,3.08,6,4
India,529587,310148,16103,8227802,203279,20142,14229,414,231095.0,58.56,6.44,3.04,6,5
India,549197,321779,16487,8398362,210874,19610,11631,384,170560.0,58.59,6.54,3.0,6,6
India,567536,335276,16904,8608654,215295,18339,13497,417,210292.0,59.08,6.59,2.98,6,0
India,585791,347841,17410,8826585,220473,18255,12565,506,217931.0,59.38,6.64,2.97,6,1
India,605221,359905,17848,9056173,227401,19430,12064,438,229588.0,59.47,6.68,2.95,7,2
India,627168,379904,18226,9297749,228971,21947,19999,378,241576.0,60.57,6.75,2.91,7,3
India,649886,394321,18670,9540132,236828,22718,14417,444,242383.0,60.68,6.81,2.87,7,4
India,673904,409067,19281,9789066,245489,24018,14746,611,248934.0,60.7,6.88,2.86,7,5
India,697846,424896,19702,9969662,253164,23942,15829,421,180596.0,60.89,7.0,2.82,7,6
India,720346,440211,20175,10211092,259863,22500,15315,473,241430.0,61.11,7.05,2.8,7,0
India,743494,457049,20654,10473771,265692,23148,16838,479,262679.0,61.47,7.1,2.78,7,1
India,769055,476557,21146,10740832,271252,25561,19508,492,267061.0,61.97,7.16,2.75,7,2
India,794845,495965,21625,11024491,277154,25790,19408,479,283659.0,62.4,7.21,2.72,7,3
India,822594,516254,22145,11307002,283830,27749,20289,520,282511.0,62.76,7.28,2.69,7,4
India,850348,536235,22686,11587153,291056,27754,19981,541,280151.0,63.06,7.34,2.67,7,5
India,879454,554433,23183,11806256,301467,29106,18198,497,219103.0,63.04,7.45,2.64,7,6
India,907632,572116,23724,12092503,311419,28178,17683,541,286247.0,63.03,7.51,2.61,7,0
India,937549,593092,24306,12412664,319771,29917,20976,582,320161.0,63.26,7.55,2.59,7,1
India,970156,613738,24920,12739490,331118,32607,20646,614,326826.0,63.26,7.62,2.57,7,2
India,1005624,636605,25600,13072718,343038,35468,22867,680,333228.0,63.3,7.69,2.55,7,3
India,1040448,654091,26276,13433742,359697,34824,17486,676,361024.0,62.87,7.75,2.53,7,4
India,1077859,677673,26819,13791869,372977,37411,23582,543,358127.0,62.87,7.82,2.49,7,5
India,1118094,700403,27494,14047908,389804,40235,22730,675,256039.0,62.64,7.96,2.46,7,6
India,1154900,724706,28090,14381303,401709,36806,24303,596,333395.0,62.75,8.03,2.43,7,0
India,1194070,752295,28761,14724546,412618,39170,27589,671,343243.0,63.0,8.11,2.41,7,1
India,1239671,784170,29891,15075369,425207,45601,31875,1130,350823.0,63.26,8.22,2.41,7,2
India,1288114,817496,30646,15428170,439568,48443,33326,755,352801.0,63.46,8.35,2.38,7,3
India,1337002,850010,31409,15849068,455177,48888,32514,763,420898.0,63.58,8.44,2.35,7,4
India,1387074,887135,32112,16291331,467421,50072,37125,703,442263.0,63.96,8.51,2.32,7,5
India,1436006,918647,32816,16806803,484136,48932,31512,704,515472.0,63.97,8.54,2.29,7,6
India,1482490,953001,33458,17334885,495622,46484,34354,642,528082.0,64.28,8.55,2.26,7,0
India,1532121,988684,34232,17743740,508795,49631,35683,774,408855.0,64.53,8.63,2.23,7,1
India,1584600,1021570,35007,18190382,527612,52479,32886,775,446642.0,64.47,8.71,2.21,7,2
India,1639568,1058995,35791,18832970,544364,54968,37425,784,642588.0,64.59,8.71,2.18,7,3
India,1697054,1095549,36556,19358659,564528,57486,36554,765,525689.0,64.56,8.77,2.15,7,4
India,1752171,1146917,37410,19821831,567417,55117,51368,854,463172.0,65.46,8.84,2.14,8,5
India,1804843,1187272,38170,20202858,578972,52672,40355,760,381027.0,65.78,8.93,2.11,8,6
India,1855332,1230342,38976,20864750,585581,50489,43070,806,661892.0,66.31,8.89,2.1,8,0
India,1906614,1281562,39825,21484402,584782,51282,51220,849,619652.0,67.22,8.87,2.09,8,1
India,1963240,1327145,40744,22149351,594905,56626,45583,919,664949.0,67.6,8.86,2.08,8,2
India,2025410,1377286,41643,22788393,606031,62170,50141,899,639042.0,68.0,8.89,2.06,8,3
India,2086865,1427673,42579,23387171,616161,61455,50387,936,598778.0,68.41,8.92,2.04,8,4
India,2152021,1479808,43454,24106535,628302,65156,52135,875,719364.0,68.76,8.93,2.02,8,5
India,2214138,1534282,44467,24583558,634929,62117,54474,1013,477023.0,69.29,9.01,2.01,8,6
India,2267154,1581644,45354,25281848,639693,53016,47362,887,698290.0,69.76,8.97,2.0,8,0
India,2328406,1638105,46189,26015297,643643,61252,56461,835,733449.0,70.35,8.95,1.98,8,1
India,2395472,1695864,47139,26845688,651997,67066,57759,950,830391.0,70.79,8.92,1.97,8,2
India,2459613,1750640,48145,27694416,660344,64141,54776,1006,848728.0,71.18,8.88,1.96,8,3
India,2525223,1807560,49134,28563095,668041,65610,56920,989,868679.0,71.58,8.84,1.95,8,4
India,2589209,1860676,50086,29309703,677955,63986,53116,952,746608.0,71.86,8.83,1.93,8,5
India,2647305,1918080,51038,30041400,677677,58096,57404,952,731697.0,72.45,8.81,1.93,8,6
India,2701603,1976252,51918,30941264,672921,54298,58172,880,899864.0,73.15,8.73,1.92,8,0
India,2766627,2036707,53017,31742782,676381,65024,60455,1099,801518.0,73.62,8.72,1.92,8,1
India,2835823,2096072,53996,32661252,685228,69196,59365,979,918470.0,73.91,8.68,1.9,8,2
India,2904341,2157945,54977,33467237,690892,68518,61873,981,805985.0,74.3,8.68,1.89,8,3
India,2973370,2220803,55930,34491073,696096,69029,62858,953,1023836.0,74.69,8.62,1.88,8,4
India,3043437,2279904,56848,35292220,706136,70067,59101,918,801147.0,74.91,8.62,1.87,8,5
India,3105186,2336800,57694,35902137,710141,61749,56896,846,609917.0,75.25,8.65,1.86,8,6
India,3164882,2403105,58548,36827520,702667,59696,66305,854,925383.0,75.93,8.59,1.85,8,0
India,3231755,2467256,59614,37651512,704320,66873,64151,1066,823992.0,76.34,8.58,1.84,8,1
India,3307750,2523447,60631,38576510,723102,75995,56191,1017,924998.0,76.29,8.57,1.83,8,2
India,3384577,2583067,61697,39477848,739246,76827,59620,1066,901338.0,76.32,8.57,1.82,8,3
India,3461234,2647542,62716,40406609,750398,76657,64475,1019,928761.0,76.49,8.57,1.81,8,4
India,3539713,2712524,63659,41461636,762946,78479,64982,943,1055027.0,76.63,8.54,1.8,8,5
India,3619174,2772946,64619,42307914,781027,79461,60422,960,846278.0,76.62,8.55,1.79,8,6
India,3687940,2837381,65435,43324834,784539,68766,64435,816,1016920.0,76.94,8.51,1.77,8,0
India,3766108,2899528,66462,44337201,799530,78168,62147,1027,1012367.0,76.99,8.49,1.76,9,1
India,3848973,2967404,67488,45509380,813488,82865,67876,1026,1172179.0,77.1,8.46,1.75,9,2
India,3933132,3034914,68571,46679145,829047,84159,67510,1083,1169765.0,77.16,8.43,1.74,9,3
India,4020239,3104518,69637,47738491,845473,87107,69604,1066,1059346.0,77.22,8.42,1.73,9,4
India,4110845,3177683,70681,48831145,861865,90606,73165,1044,1092654.0,77.3,8.42,1.72,9,5
India,4202570,3247313,71686,49551507,882952,91725,69630,1005,720362.0,77.27,8.48,1.71,9,6
India,4277585,3321429,72815,50650128,882749,75015,74116,1129,1098621.0,77.65,8.45,1.7,9,0
India,4367440,3396037,73922,51804677,896884,89855,74608,1107,1154549.0,77.76,8.43,1.69,9,1
India,4462976,3469099,75090,52934433,918190,95536,73062,1168,1129756.0,77.73,8.43,1.68,9,2
India,4559738,3540003,76303,54097975,942800,96762,70904,1213,1163542.0,77.64,8.43,1.67,9,3
India,4657393,3621459,77505,55189226,957792,97655,81456,1202,1091251.0,77.76,8.44,1.66,9,4
India,4751807,3699321,78616,56260928,973213,94414,77862,1111,1071702.0,77.85,8.45,1.65,9,5
India,4845027,3777069,79756,57239428,987535,93220,77748,1140,978500.0,77.96,8.46,1.65,9,6
India,4926936,3856277,80810,58312273,989165,81909,79208,1054,1072845.0,78.27,8.45,1.64,9,0
India,5018033,3939131,82091,59429115,996102,91097,82854,1281,1116842.0,78.5,8.44,1.64,9,1
India,5115893,4022055,83231,60565728,1009883,97860,82924,1140,1136613.0,78.62,8.45,1.63,9,2
India,5212680,4109843,84406,61572343,1017703,96787,87788,1175,1006615.0,78.84,8.47,1.62,9,3
India,5305653,4205358,85627,62454254,1013931,92973,95515,1221,881911.0,79.26,8.5,1.61,9,4
India,5398227,4299747,86776,63661060,1010954,92574,94389,1149,1206806.0,79.65,8.48,1.61,9,5
India,5485622,4392673,87911,64392594,1004264,87395,92926,1135,731534.0,80.08,8.52,1.6,9,6
India,5560115,4494748,88967,65325779,975611,74493,102075,1056,933185.0,80.84,8.51,1.6,9,0
India,5643477,4584405,90052,66279462,968221,83362,89657,1085,953683.0,81.23,8.51,1.6,9,1
India,5730180,4671864,91175,67436031,966331,86703,87459,1123,1156569.0,81.53,8.5,1.59,9,2
India,5816101,4753006,92319,68928440,969961,85921,81142,1144,1492409.0,81.72,8.44,1.59,9,3
India,5901818,4846337,93412,70269975,961245,85717,93331,1093,1341535.0,82.12,8.4,1.58,9,4
India,5990577,4938702,94536,71257836,956500,88759,92365,1124,987861.0,82.44,8.41,1.58,9,5
India,6073347,5013393,95576,71967230,963529,82770,74691,1040,709394.0,82.55,8.44,1.57,9,6
India,6143016,5098591,96351,73110041,947220,69669,85198,775,1142811.0,83.0,8.4,1.57,9,0
India,6223516,5184741,97529,74196729,940372,80500,86150,1178,1086688.0,83.31,8.39,1.57,9,1
India,6310264,5270015,98708,75619781,940641,86748,85274,1179,1423052.0,83.51,8.34,1.56,9,2
India,6392049,5348746,99807,76717728,942587,81785,78731,1099,1097947.0,83.68,8.33,1.56,10,3
India,6471934,5425086,100875,77850403,945059,79885,76340,1068,1132675.0,83.82,8.31,1.56,10,4
India,6547413,5506741,101812,78992534,937943,75479,81655,937,1142131.0,84.11,8.29,1.55,10,5
India,6622183,5583456,102715,79982394,935083,74770,76715,903,989860.0,84.31,8.28,1.55,10,6
India,6682313,5659313,103601,81071797,918464,60130,75857,886,1089403.0,84.69,8.24,1.55,10,0
India,6754182,5741258,104591,82271654,907379,71869,81945,990,1199857.0,85.0,8.21,1.55,10,1
India,6832991,5824468,105554,83465975,901924,78809,83210,963,1194321.0,85.24,8.19,1.54,10,2
India,6903789,5903213,106521,84634680,893015,70798,78745,967,1168705.0,85.51,8.16,1.54,10,3
India,6977094,5985841,107450,85798698,882747,73305,82628,929,1164018.0,85.79,8.13,1.54,10,4
India,7051512,6074865,108371,86877242,867210,74418,89024,921,1078544.0,86.15,8.12,1.54,10,5
India,7119301,6146430,109184,87872093,862609,67789,71565,813,994851.0,86.33,8.1,1.53,10,6
India,7173563,6224795,109894,88945107,837779,54262,78365,710,1073014.0,86.77,8.07,1.53,10,0
India,7237280,6298874,110621,90090122,826676,63717,74079,727,1145015.0,87.03,8.03,1.53,10,1
India,7305091,6380456,111311,91226305,812190,67811,81582,690,1136183.0,87.34,8.01,1.52,10,2
India,7368532,6451248,112193,92254927,803910,63441,70792,882,1028622.0,87.55,7.99,1.52,10,3
India,7430836,6521816,113033,93254017,794792,62304,70568,840,999090.0,87.77,7.97,1.52,10,4
India,7492729,6594399,114065,94224190,783063,61893,72583,1032,970173.0,88.01,7.95,1.52,10,5
India,7549248,6660817,114647,95083976,772555,56519,66418,582,859786.0,88.23,7.94,1.52,10,6
India,7594754,6730617,115236,96116771,747639,45506,69800,589,1032795.0,88.62,7.9,1.52,10,0
India,7649102,6792445,115950,97200379,739425,54348,61828,714,1083608.0,88.8,7.87,1.52,10,1
India,7705366,6872006,116651,98670363,715422,56264,79561,701,1469984.0,89.18,7.81,1.51,10,2
India,7759737,6946575,117337,100113085,694524,54371,74569,686,1442722.0,89.52,7.75,1.51,10,3
India,7813668,7013569,117992,101382564,680801,53931,66994,655,1269479.0,89.76,7.71,1.51,10,4
India,7864034,7075839,118570,102523469,668293,50366,62270,578,1140905.0,89.98,7.67,1.51,10,5
India,7909956,7135143,119053,103462778,654405,45922,59304,483,939309.0,90.2,7.65,1.51,10,6
India,7946060,7199016,119544,104420894,626134,36104,63873,491,958116.0,90.6,7.61,1.5,10,0
India,7989096,7257445,120055,105487680,610234,43036,58429,511,1066786.0,90.84,7.57,1.5,10,1
India,8039284,7314039,120570,106563440,603282,50188,56594,515,1075760.0,90.98,7.54,1.5,10,2
India,8088049,7371906,121132,107728088,593611,48765,57867,562,1164648.0,91.15,7.51,1.5,10,3
India,8136166,7430911,121682,108796064,582150,48117,59005,550,1067976.0,91.33,7.48,1.5,10,4
India,8183394,7489593,122151,109887303,570222,47228,58682,469,1091239.0,91.52,7.45,1.49,10,5
India,8229322,7542905,122642,110743103,562329,45928,53312,491,855800.0,91.66,7.43,1.49,11,6
India,8266914,7601429,123140,111789350,540882,37592,58524,498,1046247.0,91.95,7.4,1.49,11,0
India,8312941,7654757,123650,112998959,533019,46027,53328,510,1209609.0,92.08,7.36,1.49,11,1
India,8363406,7710630,124357,114208384,526794,50465,55873,707,1209425.0,92.19,7.32,1.49,11,2
India,8411034,7764763,125029,115429095,519501,47628,54133,672,1220711.0,92.32,7.29,1.49,11,3
India,8461393,7818755,125606,116542304,515213,50359,53992,577,1113209.0,92.41,7.26,1.48,11,4
India,8507204,7867291,126163,117736791,511921,45811,48536,557,1194487.0,92.48,7.23,1.48,11,5
India,8553911,7915756,126653,118572192,509658,46707,48465,490,835401.0,92.54,7.21,1.48,11,6
India,8591030,7957205,127103,119615857,504871,37119,41449,450,1043665.0,92.62,7.18,1.48,11,0
India,8635754,8011844,127614,120769151,494414,44724,54639,511,1153294.0,92.78,7.15,1.48,11,1
India,8684039,8064548,128164,121962509,489426,48285,52704,550,1193358.0,92.87,7.12,1.48,11,2
India,8728623,8113902,128708,123101739,484095,44584,49354,544,1139230.0,92.96,7.09,1.47,11,3
India,8773243,8161522,129225,124031230,480559,44620,47620,517,929491.0,93.03,7.07,1.47,11,4
India,8814935,8203839,129675,124836819,479459,41692,42317,450,805589.0,93.07,7.06,1.47,11,5
India,8845616,8247950,130109,125698525,465577,30681,44111,434,861706.0,93.24,7.04,1.47,11,6
India,8874225,8288342,130560,126542907,453325,28609,40392,451,844382.0,93.4,7.01,1.47,11,0
India,8912773,8333095,131032,127480186,446640,38548,44753,472,937279.0,93.5,6.99,1.47,11,1
India,8958139,8381770,131618,128508389,442731,45366,48675,586,1028203.0,93.57,6.97,1.47,11,2
India,9004324,8427016,132200,129591786,443074,46185,45246,582,1083397.0,93.59,6.95,1.47,11,3
India,9050607,8475984,132764,130657808,439816,46283,48968,564,1066022.0,93.65,6.93,1.47,11,4
India,9095908,8520039,133263,131733134,440545,45301,44055,499,1075326.0,93.67,6.9,1.47,11,5
India,9140312,8561444,133773,132582730,443025,44404,41405,510,849596.0,93.67,6.89,1.46,11,6
India,9177753,8603639,134254,133682275,437774,37441,42195,481,1099545.0,93.74,6.87,1.46,11,0
India,9221998,8641404,134743,134841307,443756,44245,37765,489,1159032.0,93.7,6.84,1.46,11,1
India,9266697,8677986,135261,135931545,451341,44699,36582,518,1090238.0,93.65,6.82,1.46,11,2
India,9309871,8717709,135752,137062749,454268,43174,39723,491,1131204.0,93.64,6.79,1.46,11,3
India,9351224,8758886,136238,138220354,453949,41353,41177,486,1157605.0,93.67,6.77,1.46,11,4
India,9393039,8801161,136733,139503803,452984,41815,42275,495,1283449.0,93.7,6.73,1.46,11,5
India,9432075,8846313,137177,140379976,446405,39036,45152,444,876173.0,93.79,6.72,1.45,11,6
India,9463254,8888595,137659,141349301,434806,31179,42282,482,969325.0,93.93,6.69,1.45,11,0
India,9499728,8931803,138160,142445952,427528,36474,43208,501,1096651.0,94.02,6.67,1.45,12,1
India,9535234,8972711,138686,143557650,421572,35506,40908,526,1111698.0,94.1,6.64,1.45,12,2
India,9571808,9015702,139227,144727749,414574,36574,42991,541,1170099.0,94.19,6.61,1.45,12,3
India,9608519,9058061,139738,145885512,408391,36711,42359,511,1157763.0,94.27,6.59,1.45,12,4
India,9644529,9099946,140220,146986575,401991,36010,41885,482,1101063.0,94.35,6.56,1.45,12,5
India,9677707,9139024,140610,147787656,395668,33178,39078,390,801081.0,94.43,6.55,1.45,12,6
India,9703934,9178317,140996,148814055,382192,26227,39293,386,1026399.0,94.58,6.52,1.45,12,0
India,9736017,9214900,141398,149836767,377268,32083,36583,402,1022712.0,94.65,6.5,1.45,12,1
India,9767654,9252593,141811,150759726,370767,31637,37693,413,922959.0,94.73,6.48,1.45,12,2
India,9797065,9290300,142222,151632223,362032,29411,37707,411,872497.0,94.83,6.46,1.45,12,3
India,9827026,9323792,142664,152697399,358038,29961,33492,442,1065176.0,94.88,6.44,1.45,12,4
India,9857380,9356879,143055,153711833,354900,30354,33087,391,1014434.0,94.92,6.41,1.45,12,5
India,9884716,9387519,143393,154566990,351248,27336,30640,338,855157.0,94.97,6.4,1.45,12,6
India,9906657,9421940,143747,155560655,338397,21941,34421,354,993665.0,95.11,6.37,1.45,12,0
India,9932908,9455793,144131,156646280,330386,26251,33853,384,1085625.0,95.2,6.34,1.45,12,1
India,9951080,9489153,144487,157805240,314817,18172,33360,356,1158960.0,95.36,6.31,1.45,12,2
India,9977834,9520044,144829,158918946,310320,26754,30891,342,1113706.0,95.41,6.28,1.45,12,3
India,10004825,9549923,145171,160090814,307069,26991,29879,342,1171868.0,95.45,6.25,1.45,12,4
India,10031659,9579681,145513,161198495,303785,26834,29758,342,1107681.0,95.49,6.22,1.45,12,5
India,10056281,9605415,145845,162098629,302329,24622,25734,332,900134.0,95.52,6.2,1.45,12,6
India,10075428,9635665,146147,163170857,290908,19147,30250,302,1072228.0,95.64,6.17,1.45,12,0
India,10099308,9662697,146476,164269021,287409,23880,27032,329,1098164.0,95.68,6.15,1.45,12,1
India,10124024,9692643,146791,165308666,281842,24716,29946,315,1039645.0,95.74,6.12,1.45,12,2
India,10147468,9717198,147128,166306062,280367,23444,24555,337,997396.0,95.76,6.1,1.45,12,3
India,10169817,9739382,147379,167159589,280265,22349,22184,251,853527.0,95.77,6.08,1.45,12,4
India,10188392,9760848,147659,168102957,277084,18575,21466,280,943368.0,95.8,6.06,1.45,12,5
India,10208725,9781945,147940,168818354,276028,20333,21097,281,715397.0,95.82,6.05,1.45,12,6
India,10224797,9806767,148190,169802049,267015,16072,24822,250,983695.0,95.91,6.02,1.45,12,0
India,10245339,9833356,148475,170922330,260671,20542,26589,285,1120281.0,95.98,5.99,1.45,12,1
India,10267284,9859763,148774,172049574,255895,21945,26407,299,1127244.0,96.03,5.97,1.45,12,2
India,10286310,9881732,149018,173111994,252699,19026,21969,244,1062420.0,96.07,5.94,1.45,12,3
